{"cameraMode":{"drawMode":0,"name":"Shaded","section":"Shading Mode"},"sceneLighting":false,"audioPlay":false,"sceneViewState":{"showFog":false,"showMaterialUpdate":false,"showSkybox":false,"showFlares":false,"showImageEffects":false,"showParticleSystems":false,"showVisualEffectGraphs":true,"m_FxEnabled":true},"in2DMode":false,"pivot":{"x":-2.9802322387695315e-8,"y":-5.960464477539063e-8,"z":1.1920928955078126e-7},"rotation":{"x":-0.35114017128944399,"y":-0.010676058940589428,"z":0.004003386478871107,"w":-0.9362611174583435},"size":1.3292267322540284,"orthographic":false}