{"cameraMode":{"drawMode":0,"name":"Shaded","section":"Shading Mode"},"sceneLighting":false,"audioPlay":false,"sceneViewState":{"showFog":false,"showMaterialUpdate":false,"showSkybox":false,"showFlares":false,"showImageEffects":false,"showParticleSystems":false,"showVisualEffectGraphs":true,"m_FxEnabled":true},"in2DMode":false,"pivot":{"x":25.24238395690918,"y":0.8984121680259705,"z":0.0781552791595459},"rotation":{"x":0.01799888350069523,"y":0.005998975597321987,"z":-0.00010767839557956904,"w":0.9998223185539246},"size":1.8284176588058472,"orthographic":true}