{"cameraMode":{"drawMode":0,"name":"Shaded","section":"Shading Mode"},"sceneLighting":false,"audioPlay":false,"sceneViewState":{"showFog":false,"showMaterialUpdate":false,"showSkybox":false,"showFlares":false,"showImageEffects":false,"showParticleSystems":false,"showVisualEffectGraphs":true,"m_FxEnabled":true},"in2DMode":false,"pivot":{"x":-0.6740114688873291,"y":0.8982141613960266,"z":0.10954248905181885},"rotation":{"x":0.014993972145020962,"y":0.026993680745363237,"z":-0.00040493576670996845,"w":0.9995231032371521},"size":3.3744606971740724,"orthographic":true}