{"cameraMode":{"drawMode":0,"name":"Shaded","section":"Shading Mode"},"sceneLighting":false,"audioPlay":false,"sceneViewState":{"showFog":false,"showMaterialUpdate":false,"showSkybox":false,"showFlares":false,"showImageEffects":false,"showParticleSystems":false,"showVisualEffectGraphs":true,"m_FxEnabled":true},"in2DMode":false,"pivot":{"x":0.3665645718574524,"y":0.42708247900009158,"z":0.2550840377807617},"rotation":{"x":0.12909674644470216,"y":0.24135969579219819,"z":-0.03241434320807457,"w":0.9612652063369751},"size":1.300638198852539,"orthographic":true}