{"cameraMode":{"drawMode":0,"name":"Shaded","section":"Shading Mode"},"sceneLighting":false,"audioPlay":false,"sceneViewState":{"showFog":false,"showMaterialUpdate":false,"showSkybox":false,"showFlares":false,"showImageEffects":false,"showParticleSystems":false,"showVisualEffectGraphs":true,"m_FxEnabled":true},"in2DMode":false,"pivot":{"x":4.3909125328063969,"y":0.9133223295211792,"z":0.011336803436279297},"rotation":{"x":0.2180880308151245,"y":-0.13418656587600709,"z":0.030288629233837129,"w":0.9661870002746582},"size":4.954458713531494,"orthographic":true}