{"cameraMode":{"drawMode":0,"name":"Shaded","section":"Shading Mode"},"sceneLighting":false,"audioPlay":false,"sceneViewState":{"showFog":false,"showMaterialUpdate":false,"showSkybox":false,"showFlares":false,"showImageEffects":false,"showParticleSystems":false,"showVisualEffectGraphs":true,"m_FxEnabled":true},"in2DMode":false,"pivot":{"x":2.7177886962890627,"y":1.0625289678573609,"z":-0.43116462230682375},"rotation":{"x":0.004497711081057787,"y":-0.0308932326734066,"z":0.00013898976612836123,"w":0.999518871307373},"size":1.9032907485961915,"orthographic":true}