{"cameraMode":{"drawMode":0,"name":"Shaded","section":"Shading Mode"},"sceneLighting":false,"audioPlay":false,"sceneViewState":{"showFog":false,"showMaterialUpdate":false,"showSkybox":false,"showFlares":false,"showImageEffects":false,"showParticleSystems":false,"showVisualEffectGraphs":true,"m_FxEnabled":true},"in2DMode":false,"pivot":{"x":2.8583216667175295,"y":2.7989602088928224,"z":-0.3486560583114624},"rotation":{"x":0.004499924369156361,"y":-0.0023985381703823807,"z":0.000010981238119711634,"w":0.9999890327453613},"size":2.4071333408355715,"orthographic":true}