{"cameraMode":{"drawMode":0,"name":"Shaded","section":"Shading Mode"},"sceneLighting":false,"audioPlay":false,"sceneViewState":{"showFog":false,"showMaterialUpdate":false,"showSkybox":false,"showFlares":false,"showImageEffects":false,"showParticleSystems":false,"showVisualEffectGraphs":true,"m_FxEnabled":true},"in2DMode":false,"pivot":{"x":-15.531901359558106,"y":1.0082030296325684,"z":0.21316266059875489},"rotation":{"x":0.014993972145020962,"y":0.026993680745363237,"z":-0.00040493576670996845,"w":0.9995231032371521},"size":1.847204327583313,"orthographic":true}