{"cameraMode":{"drawMode":0,"name":"Shaded","section":"Shading Mode"},"sceneLighting":true,"audioPlay":false,"sceneViewState":{"showFog":false,"showMaterialUpdate":false,"showSkybox":true,"showFlares":false,"showImageEffects":false,"showParticleSystems":false,"showVisualEffectGraphs":true,"m_FxEnabled":true},"in2DMode":false,"pivot":{"x":0.49078285694122317,"y":-22.529184341430665,"z":17.386991500854493},"rotation":{"x":-0.48693567514419558,"y":0.02540815807878971,"z":-0.014173327013850212,"w":-0.8729609251022339},"size":19.981979370117189,"orthographic":false}