{"cameraMode":{"drawMode":0,"name":"Shaded","section":"Shading Mode"},"sceneLighting":true,"audioPlay":false,"sceneViewState":{"showFog":false,"showMaterialUpdate":false,"showSkybox":true,"showFlares":false,"showImageEffects":false,"showParticleSystems":false,"showVisualEffectGraphs":true,"m_FxEnabled":true},"in2DMode":false,"pivot":{"x":1.9238765239715577,"y":1.4653747081756592,"z":0.01903080940246582},"rotation":{"x":0.2140987068414688,"y":-0.0448157861828804,"z":0.00983386393636465,"w":0.9757344722747803},"size":1.6515196561813355,"orthographic":false}