{"cameraMode":{"drawMode":0,"name":"Shaded","section":"Shading Mode"},"sceneLighting":true,"audioPlay":false,"sceneViewState":{"showFog":false,"showMaterialUpdate":false,"showSkybox":true,"showFlares":false,"showImageEffects":false,"showParticleSystems":false,"showVisualEffectGraphs":true,"m_FxEnabled":true},"in2DMode":false,"pivot":{"x":-0.21610069274902345,"y":-0.27154862880706789,"z":0.4803708791732788},"rotation":{"x":0.3194723427295685,"y":-0.23347604274749757,"z":0.08154039084911347,"w":0.9147576093673706},"size":1.2990381717681885,"orthographic":false}