{"cameraMode":{"drawMode":0,"name":"Shaded","section":"Shading Mode"},"sceneLighting":true,"audioPlay":false,"sceneViewState":{"showFog":false,"showMaterialUpdate":false,"showSkybox":true,"showFlares":false,"showImageEffects":false,"showParticleSystems":false,"showVisualEffectGraphs":true,"m_FxEnabled":true},"in2DMode":false,"pivot":{"x":19.500194549560548,"y":11.922257423400879,"z":-0.5023746490478516},"rotation":{"x":0.15577438473701478,"y":-0.35836300253868105,"z":0.060778453946113589,"w":0.9184889793395996},"size":11.60490894317627,"orthographic":true}