{"cameraMode":{"drawMode":0,"name":"Shaded","section":"Shading Mode"},"sceneLighting":true,"audioPlay":false,"sceneViewState":{"showFog":false,"showMaterialUpdate":false,"showSkybox":true,"showFlares":false,"showImageEffects":false,"showParticleSystems":false,"showVisualEffectGraphs":true,"m_FxEnabled":true},"in2DMode":false,"pivot":{"x":-10.37005615234375,"y":-20.707168579101564,"z":21.844755172729493},"rotation":{"x":-0.35114017128944399,"y":-0.010676058940589428,"z":0.004003386478871107,"w":-0.9362611174583435},"size":54.077850341796878,"orthographic":false}