{"cameraMode":{"drawMode":0,"name":"Shaded","section":"Shading Mode"},"sceneLighting":true,"audioPlay":false,"sceneViewState":{"showFog":false,"showMaterialUpdate":false,"showSkybox":true,"showFlares":false,"showImageEffects":false,"showParticleSystems":false,"showVisualEffectGraphs":true,"m_FxEnabled":true},"in2DMode":false,"pivot":{"x":-0.7658820152282715,"y":-20.706954956054689,"z":21.625516891479493},"rotation":{"x":-0.35114017128944399,"y":-0.010676058940589428,"z":0.004003386478871107,"w":-0.9362611174583435},"size":25.58835792541504,"orthographic":false}