{"cameraMode":{"drawMode":0,"name":"Shaded","section":"Shading Mode"},"sceneLighting":false,"audioPlay":false,"sceneViewState":{"showFog":false,"showMaterialUpdate":false,"showSkybox":false,"showFlares":false,"showImageEffects":false,"showParticleSystems":false,"showVisualEffectGraphs":true,"m_FxEnabled":true},"in2DMode":false,"pivot":{"x":-0.010030388832092286,"y":-0.10716009140014649,"z":0.3220236301422119},"rotation":{"x":0.34855377674102785,"y":0.2056458294391632,"z":-0.0786757543683052,"w":0.9110630750656128},"size":0.6469746828079224,"orthographic":false}